{
    "loss": 2.1379146575927734,
    "accuracy": 0.8965517282485962
}