{
    "loss": 1.9560768604278564,
    "accuracy": 0.8965517282485962
}